    <cac:InvoiceLine>
        <cbc:ID>ITEM_ID</cbc:ID>
        <cbc:InvoicedQuantity unitCode="PCE">ITEM_QTY</cbc:InvoicedQuantity>
        <cbc:LineExtensionAmount currencyID="SAR">ITEM_SUB_TOTAL</cbc:LineExtensionAmount>
        <cac:TaxTotal>
            <cbc:TaxAmount currencyID="SAR">ITEM_TOTAL_TAX</cbc:TaxAmount>
            <cbc:RoundingAmount currencyID="SAR">ITEM_TOTAL_INCLUDE_TAX</cbc:RoundingAmount>
        </cac:TaxTotal>
        <cac:Item>
            <cbc:Name>ITEM_NAME</cbc:Name>
ITEM_TAX_CATEGORY
        </cac:Item>
        <cac:Price>
            <cbc:PriceAmount currencyID="SAR">ITEM_PRICE</cbc:PriceAmount>
ITEM_DISCOUNT
        </cac:Price>
    </cac:InvoiceLine>