        <cac:TaxSubtotal>
            <cbc:TaxableAmount currencyID="SAR">ITEM_SUB_TOTAL</cbc:TaxableAmount>
            <cbc:TaxAmount currencyID="SAR">ITEM_TOTAL_TAX</cbc:TaxAmount>
            <cac:TaxCategory>
                <cbc:ID schemeAgencyID="6" schemeID="UN/ECE 5305">SET_TAX_CATEGORY</cbc:ID>
                <cbc:Percent>SET_TAX_VALUE</cbc:Percent>
SET_ZERO_TAX_AND_REASON
                <cac:TaxScheme>
                    <cbc:ID schemeAgencyID="6" schemeID="UN/ECE 5153">VAT</cbc:ID>
                </cac:TaxScheme>
            </cac:TaxCategory>
        </cac:TaxSubtotal>