    <cac:AllowanceCharge>
        <cbc:ID>ALLOWANCE_INDEX</cbc:ID>
        <cbc:ChargeIndicator>false</cbc:ChargeIndicator>
        <cbc:AllowanceChargeReason>discount</cbc:AllowanceChargeReason>
        <cbc:Amount currencyID="SAR">ALLOWANCE_VALUE</cbc:Amount>
        <cac:TaxCategory>
            <cbc:ID schemeAgencyID="6" schemeID="UN/ECE 5305">CATEGORY</cbc:ID>
            <cbc:Percent>PERCENT_VALUE</cbc:Percent>
            <cac:TaxScheme>
                <cbc:ID schemeAgencyID="6" schemeID="UN/ECE 5153">VAT</cbc:ID>
            </cac:TaxScheme>
        </cac:TaxCategory>
    </cac:AllowanceCharge>